Job Title,Job Subtitle,Location,Date Posted
Software Engineer (Python) - 1,Devsinc,"Lahore, Punjab, Pakistan",4 days ago
Associate Software Engineer - Islamabad,Devsinc,"Islamabad, Islāmābād, Pakistan",4 days ago
Frontend Developer - Intern (Remote Internship - IT),Kreativstorm,"Punjab, Pakistan",3 days ago
"Backend Developer, Pakistan",VinAudit.com Inc.,"Karāchi, Sindh, Pakistan",1 month ago
Software Engineer (Python) - 1,Devsinc,"Lahore, Punjab, Pakistan",2 months ago
Software Engineer (Fresh Graduate),HireOn,"Karāchi, Sindh, Pakistan",3 months ago
Associate Software Engineer,Devsinc,"Lahore, Punjab, Pakistan",1 week ago
Software Engineer (MERN) -1,Devsinc,"Lahore, Punjab, Pakistan",4 days ago
Associate Software Engineer,Devsinc,"Lahore, Punjab, Pakistan",1 month ago
Junior Full Stack Web Developer,S&P Global,"Islamabad, Islāmābād, Pakistan",1 week ago
Junior/Mid Level Front End Developer,Esevel,"Karāchi, Sindh, Pakistan",2 months ago
Junior Software Developer (JavaScript and React),BDQ,"Karachi Division, Sindh, Pakistan",8 hours ago
Software Engineer - Intern (Remote Internship - IT),Kreativstorm,"Punjab, Pakistan",3 days ago
Associate Frontend Engineer (Fresh Graduates),Softech Worldwide,"Karachi Division, Sindh, Pakistan",2 weeks ago
Junior/Mid Level Backend Developer,Esevel,"Karāchi, Sindh, Pakistan",2 months ago
Associate Backend Engineer (Fresh Graduates),Softech Worldwide,"Karachi Division, Sindh, Pakistan",2 months ago
Software Engineer (Fresh Graduate),HireOn,"Islamabad, Islāmābād, Pakistan",3 months ago
Software Engineer (MERN),Devsinc,"Lahore, Punjab, Pakistan",2 months ago
React JS Developer,DPL,"Islamabad, Islāmābād, Pakistan",1 week ago
Software Engineer (.NET),Devsinc,"Lahore, Punjab, Pakistan",2 months ago
Web developer,Krämer Automotive Systems,"Islamabad, Islāmābād, Pakistan",5 months ago
Junior/Mid Level Full Stack Developer,Esevel,"Karāchi, Sindh, Pakistan",2 months ago
Software Engineer (Java),Devsinc,"Lahore, Punjab, Pakistan",1 week ago
Junior Backend Engineer,Vyro,"Islamabad, Islāmābād, Pakistan",3 weeks ago
Software Engineer (UI/UX),360training,"Karāchi, Sindh, Pakistan",1 week ago
Junior Backend Developer (Remote),Kreativstorm,"Punjab, Pakistan",4 days ago
Front-End Developer,INTECH Automation & Intelligence,"Lahore, Punjab, Pakistan",2 months ago
Frontend Engineer,Fusemachines,"Islamabad, Islāmābād, Pakistan",3 months ago
Jr. Front End Engineer,eINDUSTRIFY,"Lahore, Punjab, Pakistan",2 months ago
Associate Software Engineer,Dubizzle Labs,"Lahore, Punjab, Pakistan",5 days ago
Full Stack Developer,Xgrid.co,"Islamabad, Islāmābād, Pakistan",1 month ago
Software Development Engineer in Test,Devsinc,"Lahore, Punjab, Pakistan",2 months ago
Software Developer,Contour Software,"Karāchi, Sindh, Pakistan",1 week ago
Mobile Application Developer (Fresh),Dubizzle Labs,"Lahore, Punjab, Pakistan",5 days ago
Full-Stack Developer,Talent Disruptors,"Islamabad, Islāmābād, Pakistan",4 months ago
Trainee Software Engineer,Avanceon Middle East & South Asia,"Lahore, Punjab, Pakistan",1 week ago
Assistant Front end Developer,Ascendeum,Pakistan,3 months ago
Backend (.NET Developer),DPL,"Islamabad, Islāmābād, Pakistan",1 week ago
React.js Developer,IO DIGITAL,"Karachi Division, Sindh, Pakistan",1 week ago
NodeJS Developer,Krank,"Karachi Division, Sindh, Pakistan",2 weeks ago
Trainee – LAMP Developers,Next Generation Innovations (NextGENi),"Karachi Division, Sindh, Pakistan",9 months ago
Web Developer,Just Digital (Pvt) Ltd.,"Karāchi, Sindh, Pakistan",1 month ago
Software Quality Assurance Engineer,Devsinc,"Lahore, Punjab, Pakistan",2 months ago
Web Developer,Burq,"Lahore, Punjab, Pakistan",2 months ago
Software Engineer - IS,INTECH Automation & Intelligence,"Lahore, Punjab, Pakistan",1 year ago
Software Engineer - React JS,Dubizzle Labs,"Lahore, Punjab, Pakistan",5 days ago
Intermediate Full-Stack Software Developer,LetHub,"Karāchi, Sindh, Pakistan",2 months ago
Software Engineer (.NET),Think Digitally,"Karāchi, Sindh, Pakistan",2 weeks ago
Full Stack Developer,ADZIV.COM,"Faisalabad, Punjab, Pakistan",4 months ago
Software Engineer - DevOps,Devsinc,"Lahore, Punjab, Pakistan",3 weeks ago
Frontend Ui Developer,DPL,"Peshawar, Khyber Pakhtunkhwa, Pakistan",1 week ago
Full Stack Developer,Avanceon Middle East & South Asia,"Lahore, Punjab, Pakistan",1 week ago
Backend Developer (Java),Xgrid.co,"Islamabad, Islāmābād, Pakistan",1 month ago
Backend Developer,IMMINITY PRIVATE LIMITED,Pakistan,1 month ago
Junior Mern Stack Developer,HR Ways - Hiring Tech Talent,"Lahore, Punjab, Pakistan",1 week ago
Software Engineer Front-end (Reactjs/Nextjs),Remotebase,Pakistan,1 week ago
Remote Python Programmer,Turing,Pakistan,3 days ago
MEAN Stack Developers,Next Generation Innovations (NextGENi),"Karachi Division, Sindh, Pakistan",9 months ago
Front-End Developer,Contour Software,"Lahore, Punjab, Pakistan",1 week ago
Junior Backend Engineer - Plutus21 Capital,Qureos,"Lahore, Punjab, Pakistan",1 week ago
Junior Backend Developer (Remote),Kreativstorm,"Punjab, Pakistan",4 days ago
Front-End Developer,INTECH Automation & Intelligence,"Lahore, Punjab, Pakistan",2 months ago
Frontend Engineer,Fusemachines,"Islamabad, Islāmābād, Pakistan",3 months ago
Jr. Front End Engineer,eINDUSTRIFY,"Lahore, Punjab, Pakistan",2 months ago
Associate Software Engineer,Dubizzle Labs,"Lahore, Punjab, Pakistan",5 days ago
Full Stack Developer,Xgrid.co,"Islamabad, Islāmābād, Pakistan",1 month ago
Software Development Engineer in Test,Devsinc,"Lahore, Punjab, Pakistan",2 months ago
Software Developer,Contour Software,"Karāchi, Sindh, Pakistan",1 week ago
Mobile Application Developer (Fresh),Dubizzle Labs,"Lahore, Punjab, Pakistan",5 days ago
Full-Stack Developer,Talent Disruptors,"Islamabad, Islāmābād, Pakistan",4 months ago
Frontend Ui Developer,DPL,"Peshawar, Khyber Pakhtunkhwa, Pakistan",1 week ago
Full Stack Developer,Avanceon Middle East & South Asia,"Lahore, Punjab, Pakistan",1 week ago
Backend Developer (Java),Xgrid.co,"Islamabad, Islāmābād, Pakistan",1 month ago
Backend Developer,IMMINITY PRIVATE LIMITED,Pakistan,1 month ago
Junior Mern Stack Developer,HR Ways - Hiring Tech Talent,"Lahore, Punjab, Pakistan",1 week ago
Software Engineer Front-end (Reactjs/Nextjs),Remotebase,Pakistan,1 week ago
Remote Python Programmer,Turing,Pakistan,3 days ago
MEAN Stack Developers,Next Generation Innovations (NextGENi),"Karachi Division, Sindh, Pakistan",9 months ago
Front-End Developer,Contour Software,"Lahore, Punjab, Pakistan",1 week ago
Junior Backend Engineer - Plutus21 Capital,Qureos,"Lahore, Punjab, Pakistan",1 week ago
Full Stack Developer (PK),Wizdaa,Pakistan,5 months ago
Associate Software Engineer - Java Backend Developer,Global Rescue,"Islamabad, Islāmābād, Pakistan",1 month ago
Remote Python Programmer,Turing,Pakistan,1 week ago
Front-End / Back-End Developer (NextJS),Clab AI,Pakistan,3 hours ago
Remote Python Programmer,Turing,Pakistan,1 week ago
Python/PHP Developer,Remotebase,Pakistan,9 months ago
Backend Software Engineer,Burq,"Lahore, Punjab, Pakistan",4 months ago
Senior Software Engineer (Node),Devsinc,"Islamabad, Islāmābād, Pakistan",2 months ago
Software Engineer / Python Developer,Convo.com,"Islamabad, Islāmābād, Pakistan",1 month ago
Associate Software Engineer (Python+RAG Specialist),Devsinc,"Lahore, Punjab, Pakistan",3 weeks ago
Software Engineer,i2c Inc.,"Lahore, Punjab, Pakistan",2 months ago
Senior Software Engineer (Python) - 1,Devsinc,"Lahore, Punjab, Pakistan",1 month ago
Junior/Intermediate Software Developer,Contour Software,"Karāchi, Sindh, Pakistan",3 months ago
Remote Python Developer,Turing,Pakistan,1 week ago
Senior Software Engineer (MERN) - 1,Devsinc,"Lahore, Punjab, Pakistan",3 months ago
Remote Python Developer,Turing,Pakistan,1 week ago
Remote Python Programmer,Turing,Pakistan,1 week ago
Remote Fullstack Developer,Turing,Pakistan,4 days ago
Full Stack Developer,ibex. Pakistan,"Lahore, Punjab, Pakistan",2 weeks ago
Back End Developer,I.R.E,"Islamabad, Islāmābād, Pakistan",1 month ago
Backend Engineer,Beam AI,"Karāchi, Sindh, Pakistan",2 months ago
Remote Python Developer,Turing,Pakistan,1 week ago
Full Stack Developer,ibex,"Karāchi, Sindh, Pakistan",2 months ago
Software Engineer (.Net Core),the ENTERTAINER,"Lahore, Punjab, Pakistan",5 months ago
Senior Software Engineer Java (Spring Boot),Devsinc,"Lahore, Punjab, Pakistan",1 week ago
Trainee Software Developer,Contour Software,"Karāchi, Sindh, Pakistan",3 months ago
Remote Fullstack Programmer,Turing,Pakistan,4 days ago
Full Stack Developer (Nest.Js & Next.Js),Genesis IT Lab,"Islamabad, Punjab, Pakistan",2 months ago
Remote Python Developer,Turing,Pakistan,1 week ago
"GRADUATE SOFTWARE ENGINEER - Dubai, UAE",Cobblestone Energy,"Karachi Division, Sindh, Pakistan",4 weeks ago
Senior Software Engineer - Java Backend,Jeeny,"Johar Town, Punjab, Pakistan",1 month ago
Remote Fullstack Programmer,Turing,Pakistan,4 days ago
Machine Learning Engineer,HugoBank,"Karāchi, Sindh, Pakistan",3 months ago
Python Django Developer,HR POD - Hiring Talent Globally,"Lahore, Punjab, Pakistan",1 month ago
Software Engineer .NET,ibex,"Lahore, Punjab, Pakistan",1 month ago
Software Engineer - Backend .Net,Softech Worldwide,"Karachi Division, Sindh, Pakistan",3 months ago
Remote Fullstack Programmer,Turing,Pakistan,4 days ago
Software Developer,Contour Software,"Karāchi, Sindh, Pakistan",1 month ago
Associate Unreal/Unity Developer,Devsinc,"Lahore, Punjab, Pakistan",1 month ago
Remote Fullstack Developer,Turing,Pakistan,2 weeks ago
Senior Software Engineer (.NET),Hul Hub Pakistan,"Karachi Division, Sindh, Pakistan",1 month ago
"Frontend Engineer, Engineering Team",ShipIn Systems,"Lahore, Punjab, Pakistan",1 month ago
Frontend JavaScript Engineer,payever,Pakistan,1 day ago
Remote Fullstack Developer,Turing,Pakistan,4 days ago
Remote Fullstack Programmer,Turing,Pakistan,4 days ago
Remote Fullstack Developer,Turing,Pakistan,4 days ago
Remote Fullstack Developer,Turing,Pakistan,4 days ago
Full-Stack Software Engineer,INTECH Automation & Intelligence,"Lahore, Punjab, Pakistan",1 year ago
Remote Fullstack Programmer,Turing,Pakistan,4 days ago
Python Engineer,HR POD - Hiring Talent Globally,"Lahore, Punjab, Pakistan",2 weeks ago
